index	seconds	temperature	temperature_2	beleuchtungsstaerke
1	0	56.44552375	135.4814572	0.98175
2	0.1	56.64302844	135.3800487	0.98175
3	0.2	56.54427826	135.4814572	0.98073
4	0.3	56.54427826	135.2786511	0.97971
5	0.4	56.54427826	135.4814572	0.98022
6	0.5	56.64302844	135.5828768	0.98124
7	0.6	56.54427826	135.4814572	0.98124
8	0.7	56.54427826	135.4814572	0.98124
9	0.8	56.64302844	135.5828768	0.98175
10	0.9	56.54427826	135.4814572	0.98175
11	1	56.74177429	135.4814572	0.98328
12	1.1	56.74177429	135.4814572	0.98277
13	1.2	56.64302844	135.5828768	0.98226
14	1.3	56.64302844	135.6843074	0.98175
15	1.4	56.74177429	135.6843074	0.98124
16	1.5	56.64302844	135.6843074	0.98226
17	1.6	56.64302844	135.6843074	0.98226
18	1.7	56.64302844	135.5828768	0.98175
19	1.8	56.74177429	135.6843074	0.98175
20	1.9	56.74177429	135.4814572	0.98124
21	2	56.64302844	135.3800487	0.98124
22	2.1	56.74177429	135.4814572	0.98073
23	2.2	56.74177429	135.4814572	0.98226
24	2.3	56.74177429	135.4814572	0.98124
25	2.4	56.74177429	135.4814572	0.98022
26	2.5	56.74177429	135.2786511	0.9792
27	2.6	56.64302844	136.0901407	0.9792
28	2.7	56.64302844	135.4814572	0.98022
29	2.8	56.64302844	135.4814572	0.97869
30	2.9	56.64302844	135.4814572	0.97818
31	3	56.74177429	135.5828768	0.97818
32	3.1	56.74177429	135.3800487	0.97767
33	3.2	56.74177429	135.3800487	0.97665
34	3.3	56.74177429	135.3800487	0.97716
35	3.4	56.74177429	135.1772645	0.97767
36	3.5	56.74177429	135.0758889	0.97818
37	3.6	56.84051584	134.7718277	0.97869
38	3.7	56.74177429	134.6704957	0.97869
39	3.8	56.74177429	134.6704957	0.98073
40	3.9	56.64302844	134.6704957	0.98073
41	4	56.84051584	134.7718277	0.98073
42	4.1	56.84051584	134.8731705	0.98124
43	4.2	56.74177429	134.8731705	0.98124
44	4.3	56.74177429	134.8731705	0.98073
45	4.4	56.74177429	134.8731705	0.98124
46	4.5	56.74177429	134.8731705	0.98277
47	4.6	56.64302844	134.7718277	0.98124
48	4.7	56.74177429	134.6704957	0.9792
49	4.8	56.84051584	134.7718277	0.97818
50	4.9	56.84051584	134.8731705	0.97869
51	5	56.74177429	134.6704957	0.97716
52	5.1	56.74177429	134.7718277	0.97665
53	5.2	56.84051584	134.7718277	0.97665
54	5.3	56.74177429	134.7718277	0.97665
55	5.4	56.74177429	134.7718277	0.97614
56	5.5	56.74177429	134.8731705	0.97614
57	5.6	56.74177429	134.8731705	0.97563
58	5.7	56.84051584	135.0758889	0.97461
59	5.8	56.74177429	134.9745243	0.97461
60	5.9	56.9392531	134.8731705	0.97563
61	6	56.84051584	134.8731705	0.97614
62	6.1	56.74177429	134.7718277	0.97665
63	6.2	56.84051584	134.5691746	0.97767
64	6.3	56.84051584	134.6704957	0.97767
65	6.4	56.84051584	134.6704957	0.97716
66	6.5	56.84051584	134.6704957	0.97614
67	6.6	56.84051584	134.6704957	0.97614
68	6.7	56.74177429	134.6704957	0.97665
69	6.8	56.74177429	134.6704957	0.97614
70	6.9	56.74177429	134.7718277	0.97512
71	7	56.74177429	134.9745243	0.97461
72	7.1	56.84051584	134.8731705	0.97563
73	7.2	56.74177429	134.9745243	0.97512
74	7.3	56.84051584	134.7718277	0.97512
75	7.4	56.84051584	135.3800487	0.9741
76	7.5	56.84051584	135.3800487	0.97257
77	7.6	56.9392531	134.8731705	0.97257
78	7.7	56.84051584	134.5691746	0.97359
79	7.8	56.9392531	135.4814572	0.97359
80	7.9	56.84051584	134.9745243	0.97257
81	8	56.84051584	134.7718277	0.97308
82	8.1	56.9392531	134.7718277	0.97257
83	8.2	56.84051584	134.6704957	0.97257
84	8.3	56.84051584	134.7718277	0.97206
85	8.4	56.74177429	134.5691746	0.97308
86	8.5	56.9392531	134.5691746	0.97308
87	8.6	56.9392531	134.5691746	0.97257
88	8.7	56.74177429	134.7718277	0.97308
89	8.8	56.84051584	134.5691746	0.97257
90	8.9	56.84051584	134.5691746	0.97257
91	9	56.84051584	134.4678644	0.97308
92	9.1	56.84051584	134.5691746	0.97308
93	9.2	56.9392531	134.4678644	0.97257
94	9.3	56.9392531	134.5691746	0.97155
95	9.4	56.74177429	134.5691746	0.97155
96	9.5	56.9392531	134.5691746	0.97053
97	9.6	56.84051584	134.5691746	0.97002
98	9.7	56.84051584	134.5691746	0.97002
99	9.8	56.9392531	134.5691746	0.969
100	9.9	56.9392531	134.6704957	0.969
101	10	56.74177429	134.5691746	0.969
102	10.1	56.84051584	134.5691746	0.969
103	10.2	56.84051584	134.4678644	0.969
104	10.3	56.9392531	134.4678644	0.97002
105	10.4	56.9392531	134.366565	0.97002
106	10.5	56.84051584	134.366565	0.97104
107	10.6	56.84051584	134.366565	0.97155
108	10.7	56.84051584	134.4678644	0.97002
109	10.8	56.84051584	134.4678644	0.96849
110	10.9	56.9392531	134.4678644	0.969
111	11	56.9392531	134.4678644	0.97002
112	11.1	56.9392531	134.4678644	0.97053
113	11.2	56.84051584	134.4678644	0.97002
114	11.3	56.84051584	134.4678644	0.96798
115	11.4	56.84051584	134.2652764	0.96747
116	11.5	56.84051584	134.366565	0.96696
117	11.6	57.03798611	134.366565	0.96747
118	11.7	56.84051584	134.1639986	0.96645
119	11.8	56.9392531	134.1639986	0.96798
120	11.9	56.9392531	134.1639986	0.96951
121	12	56.9392531	134.0627316	0.96951
122	12.1	56.74177429	133.9614753	0.96951
123	12.2	56.9392531	134.0627316	0.96849
124	12.3	56.74177429	133.9614753	0.96747
125	12.4	56.74177429	134.0627316	0.96645
126	12.5	56.84051584	133.7589949	0.96696
127	12.6	56.84051584	134.5691746	0.96696
128	12.7	56.84051584	134.1639986	0.96798
129	12.8	56.84051584	134.0627316	0.96747
130	12.9	56.9392531	134.0627316	0.96645
131	13	56.9392531	134.5691746	0.96594
132	13.1	56.9392531	134.1639986	0.96441
133	13.2	56.84051584	134.0627316	0.9639
134	13.3	56.84051584	134.0627316	0.96543
135	13.4	56.9392531	134.0627316	0.96543
136	13.5	56.9392531	134.0627316	0.96696
137	13.6	56.9392531	134.0627316	0.96696
138	13.7	56.84051584	133.9614753	0.96696
139	13.8	56.9392531	134.1639986	0.96696
140	13.9	56.9392531	133.9614753	0.96594
141	14	56.9392531	133.9614753	0.96594
142	14.1	56.84051584	134.1639986	0.96696
143	14.2	56.84051584	134.1639986	0.96747
144	14.3	56.84051584	134.1639986	0.96696
145	14.4	56.84051584	134.2652764	0.96645
146	14.5	56.84051584	134.2652764	0.96492
147	14.6	56.9392531	134.1639986	0.96492
148	14.7	56.74177429	134.2652764	0.96594
149	14.8	56.74177429	134.2652764	0.96441
150	14.9	56.84051584	134.2652764	0.96441
151	15	56.84051584	134.4678644	0.9639
152	15.1	56.84051584	134.4678644	0.96492
153	15.2	56.74177429	134.3846121	0.96594
154	15.3	56.84051584	134.1820419	0.96696
155	15.4	56.74177429	134.2833216	0.96543
156	15.5	56.84051584	134.1820419	0.9639
157	15.6	56.84051584	134.1820419	0.96441
158	15.7	56.64302844	134.1820419	0.96441
159	15.8	56.84051584	134.0807729	0.96441
160	15.9	56.84051584	134.0807729	0.96492
161	16	56.84051584	134.2833216	0.96543
162	16.1	56.74177429	134.2833216	0.9639
163	16.2	56.74177429	134.366565	0.96288
164	16.3	56.84051584	134.4678644	0.96441
165	16.4	56.9392531	134.366565	0.96339
166	16.5	56.74177429	134.4678644	0.96135
167	16.6	56.74177429	134.366565	0.96135
168	16.7	56.84051584	134.2652764	0.96135
169	16.8	56.84051584	134.2652764	0.96135
170	16.9	56.74177429	134.2652764	0.96288
171	17	56.84051584	134.2652764	0.9639
172	17.1	56.9392531	134.0627316	0.96339
173	17.2	56.84051584	134.0627316	0.96186
174	17.3	56.84051584	134.2652764	0.96186
175	17.4	56.9392531	134.1639986	0.96186
176	17.5	56.84051584	134.1639986	0.96237
177	17.6	56.84051584	133.9614753	0.96339
178	17.7	56.9392531	133.7589949	0.9639
179	17.8	56.84051584	134.5691746	0.96237
180	17.9	56.74177429	134.1639986	0.96135
181	18	56.84051584	134.1639986	0.96186
182	18.1	56.84051584	133.8602297	0.96288
183	18.2	56.74177429	134.366565	0.96288
184	18.3	56.84051584	134.366565	0.9639
185	18.4	56.84051584	134.0627316	0.96543
186	18.5	56.84051584	133.9614753	0.96645
187	18.6	56.84051584	133.9614753	0.96645
188	18.7	56.9392531	134.0627316	0.96645
189	18.8	56.74177429	133.9614753	0.96747
190	18.9	56.84051584	134.0627316	0.96594
191	19	56.84051584	134.0627316	0.96543
192	19.1	56.84051584	134.0627316	0.96441
193	19.2	56.84051584	133.6577707	0.96543
194	19.3	56.84051584	133.6577707	0.96747
195	19.4	56.9392531	133.6577707	0.96594
196	19.5	56.9392531	133.6577707	0.96543
197	19.6	56.84051584	133.6577707	0.96696
198	19.7	56.84051584	133.5565573	0.96645
199	19.8	56.9392531	133.5565573	0.96594
200	19.9	56.84051584	133.4553544	0.96543
201	20	56.84051584	133.4553544	0.96543
202	20.1	56.84051584	133.5565573	0.96441
203	20.2	56.84051584	133.4553544	0.9639
204	20.3	56.74177429	133.3541623	0.96441
205	20.4	56.9392531	133.3541623	0.96543
206	20.5	56.9392531	133.3541623	0.96594
207	20.6	56.9392531	133.6577707	0.96645
208	20.7	56.9392531	133.0506493	0.96696
209	20.8	56.9392531	133.2529807	0.96696
210	20.9	56.84051584	133.2529807	0.96543
211	21	56.74177429	133.3541623	0.96492
212	21.1	56.84051584	133.4553544	0.96543
213	21.2	56.74177429	133.3541623	0.96492
214	21.3	56.84051584	133.2529807	0.96441
215	21.4	56.84051584	133.4553544	0.96492
216	21.5	56.84051584	133.1518097	0.96492
217	21.6	56.84051584	133.1518097	0.96645
218	21.7	56.9392531	133.3541623	0.96798
219	21.8	56.84051584	133.4553544	0.96849
220	21.9	56.74177429	133.4553544	0.96696
221	22	56.9392531	133.3541623	0.96594
222	22.1	56.84051584	133.2529807	0.96492
223	22.2	56.84051584	133.2529807	0.96543
224	22.3	56.84051584	133.2529807	0.96594
225	22.4	56.84051584	133.4553544	0.96696
226	22.5	56.84051584	133.3541623	0.96747
227	22.6	56.9392531	133.3541623	0.96747
228	22.7	56.9392531	133.5565573	0.96798
229	22.8	56.74177429	133.5565573	0.96951
230	22.9	56.84051584	133.3541623	0.96798
231	23	56.84051584	134.0627316	0.96798
232	23.1	56.9392531	133.4553544	0.96747
233	23.2	56.84051584	133.3541623	0.96696
234	23.3	56.84051584	133.0506493	0.96696
235	23.4	56.74177429	133.8602297	0.96645
236	23.5	56.84051584	133.4553544	0.96543
237	23.6	56.9392531	133.3541623	0.96594
238	23.7	56.9392531	133.3541623	0.96543
239	23.8	56.9392531	133.3541623	0.96543
240	23.9	56.9392531	133.4553544	0.96645
241	24	56.9392531	133.4553544	0.96543
242	24.1	56.9392531	133.5565573	0.9639
243	24.2	56.9392531	133.5565573	0.96543
244	24.3	56.84051584	133.4553544	0.96696
245	24.4	56.84051584	133.3541623	0.96594
246	24.5	56.84051584	133.3541623	0.96543
247	24.6	57.03798611	133.3541623	0.96492
248	24.7	56.9392531	133.3541623	0.96594
249	24.8	56.84051584	133.3541623	0.96543
250	24.9	56.84051584	133.2529807	0.9639
251	25	56.84051584	133.2529807	0.9639
252	25.1	56.9392531	133.2529807	0.96492
253	25.2	56.84051584	133.3541623	0.96543
254	25.3	56.74177429	133.3541623	0.96594
255	25.4	56.9392531	133.7589949	0.96594
256	25.5	56.9392531	133.2529807	0.96492
257	25.6	56.84051584	133.3541623	0.96339
258	25.7	56.9392531	133.3541623	0.96237
259	25.8	56.84051584	133.5565573	0.96237
260	25.9	56.84051584	133.5565573	0.96339
261	26	56.84051584	133.5565573	0.96288
262	26.1	56.84051584	133.4553544	0.96084
263	26.2	56.84051584	133.5565573	0.95982
264	26.3	56.74177429	133.5565573	0.96084
265	26.4	56.9392531	133.6577707	0.96186
266	26.5	56.9392531	133.5565573	0.96084
267	26.6	56.84051584	133.4553544	0.96084
268	26.7	56.84051584	133.4553544	0.96084
269	26.8	56.84051584	133.4553544	0.96186
270	26.9	56.84051584	133.6577707	0.96186
271	27	56.84051584	133.6577707	0.96288
272	27.1	56.84051584	133.5565573	0.96237
273	27.2	56.9392531	133.4553544	0.96135
274	27.3	56.84051584	133.5565573	0.96237
275	27.4	56.74177429	133.5565573	0.96237
276	27.5	56.84051584	133.4553544	0.96339
277	27.6	56.9392531	133.4553544	0.96186
278	27.7	56.74177429	133.5565573	0.96084
279	27.8	56.84051584	133.4553544	0.95931
280	27.9	56.84051584	133.5565573	0.95931
281	28	56.84051584	133.4553544	0.96033
282	28.1	56.9392531	133.4553544	0.96084
283	28.2	56.9392531	133.7589949	0.95982
284	28.3	56.9392531	133.4553544	0.95931
285	28.4	56.9392531	133.4553544	0.95931
286	28.5	56.9392531	133.3541623	0.95982
287	28.6	56.84051584	133.9614753	0.96084
288	28.7	56.9392531	133.5565573	0.96135
289	28.8	56.74177429	133.5565573	0.96084
290	28.9	56.9392531	133.5565573	0.96237
291	29	56.84051584	133.5565573	0.96237
292	29.1	56.74177429	133.5565573	0.96186
293	29.2	56.9392531	133.6577707	0.96339
294	29.3	56.9392531	133.6577707	0.96288
295	29.4	56.84051584	133.6577707	0.96186
296	29.5	56.84051584	133.6577707	0.96237
297	29.6	56.84051584	133.6577707	0.96288
298	29.7	56.84051584	133.6577707	0.96288
299	29.8	56.84051584	133.6577707	0.9639
300	29.9	56.9392531	133.6577707	0.96288
301	30	56.74177429	133.9614753	0.96237
302	30.1	56.74177429	133.7589949	0.96237
303	30.2	56.9392531	133.7589949	0.96186
304	30.3	56.74177429	133.7589949	0.96186
305	30.4	56.74177429	133.8602297	0.96237
306	30.5	56.99242058	133.7589949	0.96339
307	30.6	56.89368561	133.6577707	0.9639
308	30.7	56.89368561	133.5565573	0.96288
309	30.8	56.79494637	133.6577707	0.96288
310	30.9	56.99242058	133.5565573	0.96339
311	31	56.89368561	133.3541623	0.96186
312	31.1	56.89368561	133.3541623	0.96135
313	31.2	56.89368561	133.2529807	0.96186
314	31.3	57.0911513	133.2529807	0.96237
315	31.4	56.99242058	133.3541623	0.96288
316	31.5	56.99242058	133.2529807	0.96339
317	31.6	56.9392531	133.3541623	0.9639
318	31.7	56.84051584	133.2529807	0.96186
319	31.8	56.84051584	133.2529807	0.96135
320	31.9	56.9392531	133.3541623	0.96237
321	32	56.74177429	133.2529807	0.96135
322	32.1	56.84051584	133.3541623	0.96084
323	32.2	56.84051584	133.2529807	0.95931
324	32.3	56.9392531	133.2529807	0.95982
325	32.4	56.74177429	133.2529807	0.95982
326	32.5	56.74177429	133.2529807	0.95982
327	32.6	56.9392531	133.2529807	0.96033
328	32.7	56.84051584	133.1518097	0.95931
329	32.8	56.84051584	133.4553544	0.95982
330	32.9	56.9392531	133.2529807	0.9588
331	33	56.74177429	133.4553544	0.9588
332	33.1	56.84051584	133.3541623	0.9588
333	33.2	56.84051584	133.2529807	0.95727
334	33.3	56.84051584	133.1518097	0.95625
335	33.4	56.9392531	133.6577707	0.95676
336	33.5	56.84051584	133.6577707	0.95727
337	33.6	56.84051584	133.1518097	0.95778
338	33.7	56.9392531	133.3541623	0.95676
339	33.8	56.9392531	133.7589949	0.95574
340	33.9	56.84051584	133.3541623	0.95574
341	34	56.84051584	133.4553544	0.95523
342	34.1	56.9392531	133.4553544	0.95574
343	34.2	56.9392531	133.5565573	0.95574
344	34.3	56.9392531	133.5565573	0.95574
345	34.4	56.9392531	133.6577707	0.95523
346	34.5	56.84051584	133.7589949	0.95625
347	34.6	56.9392531	133.7589949	0.95676
348	34.7	56.9392531	133.3541623	0.95727
349	34.8	56.99242058	133.4553544	0.95676
350	34.9	56.79494637	133.5565573	0.95676
351	35	56.79494637	133.3541623	0.95574
352	35.1	56.89368561	133.5565573	0.95523
353	35.2	56.99242058	133.4553544	0.95421
354	35.3	56.99242058	133.4553544	0.95319
355	35.4	56.99242058	133.4553544	0.9537
356	35.5	56.89368561	133.4553544	0.95523
357	35.6	56.79494637	133.4553544	0.95625
358	35.7	56.89368561	133.169834	0.95778
359	35.8	56.89368561	133.169834	0.95778
360	35.9	56.84051584	133.0686717	0.95676
361	36	56.84051584	133.3721903	0.95676
362	36.1	56.84051584	133.169834	0.95625
363	36.2	56.74177429	133.0686717	0.95676
364	36.3	56.9392531	133.0686717	0.95829
365	36.4	56.9392531	133.2710068	0.95829
366	36.5	56.84051584	133.169834	0.95778
367	36.6	56.84051584	133.2710068	0.95778
368	36.7	56.84051584	133.2710068	0.95931
369	36.8	56.84051584	133.3721903	0.95829
370	36.9	56.84051584	133.2710068	0.95829
371	37	56.84051584	133.2710068	0.95829
372	37.1	56.9392531	133.3721903	0.95829
373	37.2	56.9392531	133.169834	0.9588
374	37.3	56.9392531	133.0686717	0.95829
375	37.4	56.84051584	132.96752	0.95778
376	37.5	56.84051584	132.96752	0.95625
377	37.6	56.74177429	132.8663788	0.95829
378	37.7	56.84051584	132.7652482	0.9588
379	37.8	56.74177429	132.7652482	0.95829
380	37.9	56.74177429	132.664128	0.95982
381	38	56.74177429	132.5630184	0.95982
382	38.1	56.84051584	132.664128	0.95931
383	38.2	56.74177429	132.664128	0.95982
384	38.3	56.84051584	132.7652482	0.9588
385	38.4	56.84051584	132.8663788	0.95829
386	38.5	56.74177429	132.8663788	0.95829
387	38.6	56.74177429	132.96752	0.95931
388	38.7	56.74177429	132.7652482	0.95982
389	38.8	56.84051584	132.664128	0.95982
390	38.9	56.84051584	132.664128	0.95778
391	39	56.84051584	133.1518097	0.95727
392	39.1	56.74177429	132.7472314	0.95778
393	39.2	56.84051584	132.7472314	0.95727
394	39.3	56.74177429	132.8483602	0.95727
395	39.4	56.84051584	132.8483602	0.95727
396	39.5	56.74177429	132.7472314	0.95727
397	39.6	56.9392531	132.7472314	0.95676
398	39.7	56.9392531	132.6461132	0.95727
399	39.8	56.74177429	132.5450054	0.95676
400	39.9	56.74177429	132.5450054	0.95829
401	40	56.74177429	132.5450054	0.95829
402	40.1	56.74177429	132.443908	0.95829
403	40.2	56.74177429	132.443908	0.9588
404	40.3	56.74177429	132.443908	0.9588
405	40.4	56.74177429	132.6461132	0.9588
406	40.5	56.74177429	132.8483602	0.9588
407	40.6	56.84051584	132.8483602	0.95931
408	40.7	56.84051584	132.9494995	0.95829
409	40.8	56.84051584	132.7472314	0.95778
410	40.9	56.74177429	132.9494995	0.95625
411	41	56.74177429	132.7472314	0.95778
412	41.1	56.74177429	132.7472314	0.95778
413	41.2	56.74177429	133.0506493	0.95829
414	41.3	56.74177429	132.9494995	0.9588
415	41.4	56.84051584	132.9494995	0.95778
416	41.5	56.84051584	132.9494995	0.95727
417	41.6	56.74177429	132.9494995	0.95727
418	41.7	56.74177429	132.8483602	0.95829
419	41.8	56.74177429	132.8483602	0.95778
420	41.9	56.84051584	132.6461132	0.95676
421	42	56.9392531	132.6461132	0.95625
422	42.1	56.84051584	132.6461132	0.95778
423	42.2	56.9392531	132.7472314	0.9588
424	42.3	56.9392531	132.6461132	0.95931
425	42.4	56.74177429	132.6461132	0.95982
426	42.5	56.74177429	132.6461132	0.96033
427	42.6	56.74177429	132.7472314	0.9588
428	42.7	56.74177429	132.8483602	0.95982
429	42.8	56.84051584	132.7472314	0.95931
430	42.9	56.84051584	132.8483602	0.9588
431	43	56.74177429	132.8483602	0.9588
432	43.1	56.74177429	132.8483602	0.95778
433	43.2	56.84051584	132.8483602	0.95625
434	43.3	56.74177429	132.9494995	0.95778
435	43.4	56.74177429	132.7472314	0.95727
436	43.5	56.84051584	132.8483602	0.95676
437	43.6	56.74177429	132.7472314	0.95676
438	43.7	56.84051584	132.7472314	0.95727
439	43.8	56.74177429	132.7472314	0.95829
440	43.9	56.74177429	132.6461132	0.95727
441	44	56.74177429	132.6461132	0.95676
442	44.1	56.84051584	132.6461132	0.95676
443	44.2	56.74177429	132.7472314	0.95676
444	44.3	56.84051584	132.7472314	0.95574
445	44.4	56.9392531	132.6461132	0.95676
446	44.5	56.9392531	132.6461132	0.95676
447	44.6	56.9392531	132.7472314	0.95727
448	44.7	56.74177429	132.7472314	0.95931
449	44.8	56.9392531	132.8483602	0.95778
450	44.9	56.64302844	132.6461132	0.95676
451	45	56.74177429	132.6461132	0.95829
452	45.1	56.84051584	132.6461132	0.95829
453	45.2	56.84051584	132.7472314	0.95829
454	45.3	56.74177429	132.7472314	0.95931
455	45.4	56.84051584	132.8483602	0.95931
456	45.5	56.84051584	132.8483602	0.96033
457	45.6	56.74177429	132.9494995	0.95982
458	45.7	56.84051584	133.1518097	0.96135
459	45.8	56.84051584	132.9494995	0.96084
460	45.9	56.84051584	133.0506493	0.95982
461	46	56.84051584	132.9494995	0.9588
462	46.1	56.74177429	133.0506493	0.96033
463	46.2	56.74177429	133.1518097	0.96033
464	46.3	56.74177429	133.1518097	0.9588
465	46.4	56.9392531	133.1518097	0.95778
466	46.5	56.84051584	133.1518097	0.9588
467	46.6	56.84051584	133.2529807	0.9588
468	46.7	56.74177429	133.1518097	0.95829
469	46.8	56.84051584	133.1518097	0.95931
470	46.9	56.84051584	133.1518097	0.95829
471	47	56.9392531	133.1518097	0.95829
472	47.1	56.84051584	133.1518097	0.95778
473	47.2	56.84051584	133.1518097	0.95778
474	47.3	56.74177429	133.1518097	0.95829
475	47.4	56.74177429	133.1518097	0.95676
476	47.5	56.74177429	133.2529807	0.95625
477	47.6	56.84051584	133.3541623	0.95625
478	47.7	56.84051584	133.3541623	0.95727
479	47.8	56.89368561	133.1518097	0.95778
480	47.9	56.89368561	133.2529807	0.95625
481	48	56.89368561	133.1518097	0.95676
482	48.1	56.89368561	133.3541623	0.95574
483	48.2	56.79494637	133.3541623	0.95676
484	48.3	56.79494637	133.2529807	0.95778
485	48.4	56.79494637	133.2529807	0.95931
486	48.5	56.79494637	133.2529807	0.96033
487	48.6	56.79494637	133.3541623	0.95982
488	48.7	56.79494637	133.2529807	0.95931
489	48.8	56.79494637	133.2529807	0.95727
490	48.9	56.74177429	133.3541623	0.95778
491	49	56.74177429	133.3541623	0.95727
492	49.1	56.84051584	133.2529807	0.95727
493	49.2	56.74177429	133.4553544	0.95778
494	49.3	56.84051584	133.3541623	0.95778
495	49.4	56.84051584	133.6577707	0.95727
496	49.5	56.84051584	133.4553544	0.95778
497	49.6	56.74177429	133.4553544	0.95778
498	49.7	56.84051584	133.3541623	0.95778
499	49.8	56.74177429	133.4553544	0.95931
500	49.9	56.74177429	133.2529807	0.9588
501	50	56.64302844	133.2529807	0.96033
502	50.1	56.74177429	133.3541623	0.95931
503	50.2	56.84051584	133.2529807	0.9588
504	50.3	56.74177429	133.1518097	0.96084
505	50.4	56.84051584	133.1518097	0.96135
506	50.5	56.84051584	133.0506493	0.96033
507	50.6	56.74177429	133.0506493	0.96135
508	50.7	56.84051584	133.0506493	0.96186
509	50.8	56.84051584	133.1518097	0.96237
510	50.9	56.74177429	133.1518097	0.9639
511	51	56.74177429	133.0506493	0.96492
512	51.1	56.79494637	133.1518097	0.96339
513	51.2	56.99242058	133.0506493	0.96237
514	51.3	56.99242058	133.2529807	0.96084
515	51.4	56.79494637	133.3541623	0.96135
516	51.5	56.89368561	133.2529807	0.96084
517	51.6	56.79494637	133.2529807	0.9588
518	51.7	56.79494637	133.1518097	0.95931
519	51.8	56.79494637	133.1518097	0.96033
520	51.9	56.89368561	133.2529807	0.96084
521	52	56.89368561	133.3541623	0.96135
522	52.1	56.9392531	133.1518097	0.96033
523	52.2	56.84051584	133.1518097	0.96033
524	52.3	56.74177429	133.0506493	0.96033
525	52.4	56.84051584	133.1518097	0.9588
526	52.5	56.84051584	133.2529807	0.95829
527	52.6	56.9392531	133.1518097	0.96033
528	52.7	56.84051584	133.2529807	0.96135
529	52.8	56.84051584	133.0506493	0.96084
530	52.9	56.84051584	133.0506493	0.96186
531	53	56.84051584	132.7652482	0.96186
532	53.1	56.84051584	132.7652482	0.96135
533	53.2	56.74177429	132.5630184	0.96084
534	53.3	56.74177429	132.5630184	0.95931
535	53.4	56.74177429	132.5630184	0.90933
536	53.5	56.9392531	132.664128	0.25755
537	53.6	56.84051584	132.664128	0
538	53.7	56.84051584	132.4619192	0
539	53.8	56.74177429	132.664128	0
540	53.9	56.64302844	132.664128	0
541	54	56.64302844	132.8483602	0
542	54.1	56.64302844	133.0506493	0
543	54.2	56.64302844	133.2529807	0
544	54.3	56.597455	132.9494995	0
545	54.4	56.69620284	132.8483602	0
546	54.5	56.69620284	133.5565573	0
547	54.6	56.69620284	132.7472314	0
548	54.7	56.49870282	132.6461132	0
549	54.8	56.597455	132.5450054	0
550	54.9	56.49870282	132.5450054	0
551	55	56.3999463	132.5450054	0
552	55.1	56.3999463	132.6461132	0
553	55.2	56.3999463	132.6461132	0
554	55.3	56.3999463	132.5450054	0
555	55.4	56.34676488	132.6461132	0
556	55.5	56.24800163	132.443908	0
557	55.6	56.34676488	132.443908	0
558	55.7	56.24800163	132.443908	0
559	55.8	56.34676488	132.2417447	0
560	55.9	56.24800163	132.3428211	0
561	56	56.14923398	132.3428211	0
562	56.1	56.05046191	132.3428211	0
563	56.2	56.14923398	132.2417447	0
564	56.3	56.05046191	132.3428211	0
565	56.4	56.05046191	132.443908	0
566	56.5	56.10365044	132.443908	0
567	56.6	56.10365044	132.5450054	0
568	56.7	56.00487633	132.5450054	0
569	56.8	56.00487633	132.443908	0
570	56.9	56.10365044	132.443908	0
571	57	56.00487633	132.443908	0
572	57.1	55.90609777	132.443908	0
573	57.2	55.90609777	132.443908	0
574	57.3	55.80731475	132.443908	0
575	57.4	56.00487633	132.443908	0
576	57.5	56.00487633	132.443908	0
577	57.6	55.80731475	132.3428211	0
578	57.7	55.80731475	132.3428211	0
579	57.8	55.90609777	132.443908	0
580	57.9	55.70852724	132.443908	0
581	58	55.80731475	132.3428211	0
582	58.1	55.70852724	132.443908	0
583	58.2	55.70852724	132.443908	0
584	58.3	55.70852724	132.1586842	0
585	58.4	55.70852724	132.1586842	0.00102
586	58.5	55.60973523	132.1586842	0.00102
587	58.6	55.60973523	132.1586842	0.00051
588	58.7	55.55653463	132.1586842	0.00255
589	58.8	55.55653463	132.0576267	0.0051
590	58.9	55.55653463	132.1586842	0.00765
591	59	55.55653463	132.1586842	0.00816
592	59.1	55.55653463	132.2597521	0.0102
593	59.2	55.55653463	132.1586842	0.01224
594	59.3	55.45773565	132.1586842	0.01173
595	59.4	55.55653463	132.3608304	0.01326
596	59.5	55.55653463	131.9565795	0.01428
597	59.6	55.45773565	132.0576267	0.01581
598	59.7	55.45773565	132.0576267	0.01683
599	59.8	55.51093869	132.2597521	0.01785
600	59.9	55.60973523	132.0576267	0.01887
601	60	55.41213762	132.0576267	0.01887
602	60.1	55.51093869	131.9565795	0.01887
603	60.2	55.51093869	132.1586842	0.01887
604	60.3	55.51093869	131.9565795	0.01989
605	60.4	55.51093869	131.9565795	0.02091
606	60.5	55.31333198	132.1406786	0.02142
607	60.6	55.60973523	132.039623	0.02346
608	60.7	55.60973523	132.1406786	0.02346
609	60.8	55.51093869	132.2417447	0.02295
610	60.9	55.51093869	132.2417447	0.02397
611	61	55.31333198	132.2417447	0.02448
612	61.1	55.41213762	132.3428211	0.02703
613	61.2	55.31333198	132.3428211	0.02907
614	61.3	55.31333198	132.443908	0.02856
615	61.4	55.31333198	132.443908	0.02907
616	61.5	55.41213762	132.443908	0.0306
617	61.6	55.31333198	132.5450054	0.03009
618	61.7	55.31333198	132.443908	0.03162
619	61.8	55.31333198	132.443908	0.03213
620	61.9	55.26012402	132.5450054	0.03417
621	62	55.26012402	132.443908	0.03417
622	62.1	55.26012402	132.6461132	0.0357
623	62.2	55.26012402	132.3428211	0.0357
624	62.3	55.26012402	132.5450054	0.03621
625	62.4	55.16131132	132.5450054	0.03825
626	62.5	55.26012402	132.5450054	0.03723
627	62.6	55.16131132	132.5450054	0.03876
628	62.7	55.26012402	132.7472314	0.03927
629	62.8	55.26012402	132.8483602	0.04182
630	62.9	55.26012402	132.8483602	0.04182
631	63	55.21452176	132.8483602	0.04233
632	63.1	55.11570694	132.8483602	0.04284
633	63.2	55.21452176	132.8483602	0.04284
634	63.3	55.21452176	132.9494995	0.04335
635	63.4	55.11570694	132.8483602	0.04437
636	63.5	55.11570694	133.0506493	0.04386
637	63.6	55.21452176	133.0506493	0.04488
638	63.7	55.11570694	132.9494995	0.04641
639	63.8	55.21452176	132.9494995	0.04896
640	63.9	55.11570694	133.1518097	0.04947
641	64	55.11570694	133.0506493	0.051
642	64.1	55.11570694	132.9494995	0.05151
643	64.2	55.11570694	132.9494995	0.05151
644	64.3	55.11570694	133.0506493	0.05049
645	64.4	55.11570694	133.0506493	0.051
646	64.5	55.21452176	133.1518097	0.05202
647	64.6	55.21452176	133.4553544	0.05253
648	64.7	55.11570694	133.4553544	0.05253
649	64.8	55.0168875	133.1518097	0.05406
650	64.9	55.0168875	133.1518097	0.05355
651	65	55.0168875	133.5565573	0.05304
652	65.1	55.0168875	133.2529807	0.05559
653	65.2	55.11570694	133.1518097	0.05508
654	65.3	55.11570694	133.1518097	0.0561
655	65.4	55.0168875	133.1518097	0.0561
656	65.5	55.0168875	133.0506493	0.05661
657	65.6	55.11570694	132.8483602	0.0561
658	65.7	55.0168875	132.7472314	0.0561
659	65.8	55.0168875	132.7472314	0.05712
660	65.9	55.0168875	132.8483602	0.05814
661	66	55.0168875	132.9494995	0.05967
662	66.1	55.11570694	132.6461132	0.06018
663	66.2	55.11570694	132.5450054	0.05916
664	66.3	54.91806342	132.5450054	0.0612
665	66.4	55.11570694	132.5450054	0.06375
666	66.5	54.91806342	132.6461132	0.06426
667	66.6	55.0168875	132.443908	0.06426
668	66.7	55.0168875	132.3428211	0.06426
669	66.8	55.11570694	132.3428211	0.06477
670	66.9	55.0168875	132.443908	0.06579
671	67	55.11570694	132.6461132	0.0663
672	67.1	55.0168875	132.5450054	0.06681
673	67.2	55.0168875	132.5450054	0.06834
674	67.3	55.0168875	132.7472314	0.06834
675	67.4	55.0168875	132.7472314	0.06834
676	67.5	55.0168875	132.6461132	0.06885
677	67.6	55.0168875	132.6461132	0.06834
678	67.7	55.0168875	132.6461132	0.06885
679	67.8	55.0168875	132.7472314	0.06885
680	67.9	54.91806342	132.7472314	0.06834
681	68	55.0168875	132.443908	0.06885
682	68.1	55.0168875	132.7472314	0.06834
683	68.2	54.91806342	132.8483602	0.06936
684	68.3	54.91806342	132.7472314	0.07038
685	68.4	54.91806342	132.7472314	0.0714
686	68.5	55.0168875	132.7472314	0.07089
687	68.6	54.91806342	132.8483602	0.07089
688	68.7	54.81923469	132.6461132	0.07089
689	68.8	55.0168875	133.0506493	0.06987
690	68.9	54.91806342	132.7472314	0.0714
691	69	55.0168875	132.7472314	0.07344
692	69.1	54.91806342	133.0506493	0.07293
693	69.2	55.0168875	132.9494995	0.07242
694	69.3	54.91806342	133.0506493	0.0714
695	69.4	55.0168875	132.8483602	0.07038
696	69.5	55.0168875	133.0506493	0.07038
697	69.6	54.91806342	133.1518097	0.06987
698	69.7	54.91806342	132.8483602	0.07089
699	69.8	55.0168875	133.4553544	0.07242
700	69.9	54.91806342	133.2529807	0.07191
701	70	55.0168875	133.2529807	0.06987
702	70.1	54.91806342	133.2529807	0.06987
703	70.2	55.0168875	133.7589949	0.0714
704	70.3	54.91806342	133.3541623	0.07242
705	70.4	54.81923469	133.3541623	0.07293
706	70.5	54.81923469	133.2529807	0.07344
707	70.6	55.0168875	133.2529807	0.07344
708	70.7	54.81923469	133.0506493	0.07497
709	70.8	54.91806342	133.3541623	0.0765
710	70.9	54.81923469	133.2529807	0.07701
711	71	54.81923469	133.1518097	0.07905
712	71.1	55.0168875	133.1518097	0.08262
713	71.2	54.81923469	133.1518097	0.08211
714	71.3	54.81923469	133.0506493	0.0816
715	71.4	54.91806342	133.0506493	0.0816
716	71.5	54.91806342	132.8483602	0.08058
717	71.6	54.91806342	132.7472314	0.0816
718	71.7	54.91806342	132.9494995	0.08262
719	71.8	54.91806342	132.9494995	0.0816
720	71.9	55.0168875	133.0506493	0.08109
721	72	54.81923469	133.0506493	0.08211
722	72.1	54.81923469	132.9494995	0.08262
723	72.2	54.81923469	133.0506493	0.08313
724	72.3	55.0168875	133.0506493	0.08415
725	72.4	54.91806342	132.7652482	0.08364
726	72.5	54.91806342	132.7652482	0.08313
727	72.6	54.91806342	132.7652482	0.08364
728	72.7	54.91806342	132.7652482	0.08364
729	72.8	54.81923469	132.664128	0.08415
730	72.9	54.91806342	132.664128	0.08517
731	73	54.81923469	132.5630184	0.08517
732	73.1	54.81923469	132.8663788	0.08466
733	73.2	54.91806342	132.3608304	0.08466
734	73.3	54.81923469	132.3608304	0.08466
735	73.4	54.91806342	132.6461132	0.08466
736	73.5	54.91806342	132.7472314	0.08619
737	73.6	54.91806342	132.8483602	0.08619
738	73.7	55.0168875	132.7472314	0.0867
739	73.8	55.0168875	132.8483602	0.0867
740	73.9	54.91806342	132.8483602	0.0867
741	74	54.91806342	132.7472314	0.08874
742	74.1	54.81923469	132.8483602	0.08925
743	74.2	54.91806342	133.1518097	0.08925
744	74.3	54.81923469	132.9494995	0.08976
745	74.4	54.91806342	132.9494995	0.08823
746	74.5	54.91806342	133.0506493	0.08772
747	74.6	54.91806342	132.9494995	0.08721
748	74.7	54.91806342	132.8483602	0.08925
749	74.8	54.81923469	133.0506493	0.08874
750	74.9	54.81923469	133.0506493	0.08874
751	75	54.91806342	133.4553544	0.08823
752	75.1	54.91806342	133.0506493	0.08925
753	75.2	54.91806342	133.1518097	0.09078
754	75.3	54.81923469	133.0506493	0.08925
755	75.4	54.91806342	133.6577707	0.08874
756	75.5	54.91806342	133.6577707	0.08976
757	75.6	54.81923469	133.3541623	0.09078
758	75.7	54.91806342	133.0506493	0.08976
759	75.8	54.91806342	133.2529807	0.08976
760	75.9	54.81923469	133.2529807	0.09027
761	76	54.81923469	133.1518097	0.09129
762	76.1	55.0168875	133.2529807	0.09129
763	76.2	54.81923469	133.2529807	0.09282
764	76.3	54.91806342	133.2529807	0.09384
765	76.4	54.91806342	133.2529807	0.09384
766	76.5	54.81923469	133.1518097	0.09384
767	76.6	54.91806342	133.1518097	0.09435
768	76.7	54.81923469	133.0506493	0.09384
769	76.8	54.91806342	132.9494995	0.09384
770	76.9	54.81923469	132.8483602	0.09384
771	77	54.81923469	132.9494995	0.09384
772	77.1	54.91806342	133.2529807	0.09333
773	77.2	54.91806342	133.0506493	0.09333
774	77.3	54.91806342	132.9494995	0.09333
775	77.4	54.91806342	132.9494995	0.09333
776	77.5	54.91806342	132.9494995	0.09333
777	77.6	54.81923469	132.8483602	0.09384
778	77.7	54.91806342	132.8483602	0.09384
779	77.8	54.81923469	132.8663788	0.09537
780	77.9	54.91806342	132.7652482	0.09639
781	78	54.91806342	132.8663788	0.09588
782	78.1	54.91806342	132.7652482	0.0969
783	78.2	55.0168875	132.664128	0.09741
784	78.3	54.81923469	132.7652482	0.09741
785	78.4	54.81923469	132.7652482	0.09741
786	78.5	54.91806342	132.664128	0.0969
787	78.6	54.81923469	132.7652482	0.0969
788	78.7	54.91806342	132.664128	0.09639
789	78.8	54.91806342	132.664128	0.09588
790	78.9	54.91806342	132.8483602	0.0969
791	79	54.91806342	132.8483602	0.09741
792	79.1	54.91806342	132.9494995	0.09894
793	79.2	54.91806342	132.8483602	0.09996
794	79.3	54.91806342	132.7472314	0.09894
795	79.4	54.91806342	132.8483602	0.09945
796	79.5	54.91806342	132.6461132	0.09945
797	79.6	54.91806342	132.7472314	0.09996
798	79.7	54.81923469	133.0506493	0.09945
799	79.8	54.81923469	133.0506493	0.09894
800	79.9	54.81923469	133.2529807	0.10149
801	80	54.91806342	133.2529807	0.10251
802	80.1	54.91806342	133.2529807	0.10098
803	80.2	54.91806342	133.6577707	0.10149
804	80.3	54.91806342	133.3541623	0.10098
805	80.4	54.91806342	133.3541623	0.10098
806	80.5	54.91806342	133.1518097	0.10149
807	80.6	54.91806342	133.7589949	0.102
808	80.7	54.91806342	133.4553544	0.10302
809	80.8	54.72040128	133.4553544	0.10404
810	80.9	54.91806342	133.4553544	0.10404
811	81	54.91806342	133.2529807	0.10404
812	81.1	55.0168875	133.3541623	0.10251
813	81.2	54.91806342	133.3541623	0.10353
814	81.3	54.81923469	133.1518097	0.10404
815	81.4	54.81923469	133.1518097	0.10302
816	81.5	54.91806342	133.2529807	0.102
817	81.6	54.81923469	133.2529807	0.10251
818	81.7	54.91806342	133.1518097	0.10302
819	81.8	54.81923469	133.2529807	0.10353
820	81.9	54.91806342	133.1518097	0.10302
821	82	54.91806342	133.1518097	0.10353
822	82.1	54.91806342	133.3541623	0.10353
823	82.2	55.0168875	133.3541623	0.10455
824	82.3	54.91806342	133.3541623	0.10404
825	82.4	54.91806342	133.3541623	0.10404
826	82.5	55.0168875	133.3541623	0.10455
827	82.6	54.91806342	133.2529807	0.10353
828	82.7	54.91806342	133.2529807	0.10302
829	82.8	54.81923469	133.2529807	0.10404
830	82.9	54.91806342	133.1518097	0.10506
831	83	54.81923469	133.1518097	0.10455
832	83.1	54.91806342	133.2529807	0.10455
833	83.2	54.81923469	133.0506493	0.10506
834	83.3	54.91806342	133.1518097	0.10404
835	83.4	54.91806342	133.1518097	0.10455
836	83.5	54.91806342	133.0506493	0.10557
837	83.6	54.91806342	132.9494995	0.10506
838	83.7	54.91806342	133.0506493	0.10557
839	83.8	54.91806342	133.0506493	0.1071
840	83.9	54.91806342	133.0506493	0.10659
841	84	54.91806342	133.1518097	0.10659
842	84.1	55.0168875	133.1518097	0.10761
843	84.2	54.81923469	133.2529807	0.10812
844	84.3	55.0168875	133.3541623	0.10914
845	84.4	54.91806342	133.2529807	0.1071
846	84.5	55.0168875	133.5565573	0.10863
847	84.6	55.0168875	133.4553544	0.10965
848	84.7	54.91806342	133.4553544	0.10965
849	84.8	54.91806342	133.4553544	0.10863
850	84.9	54.91806342	133.3541623	0.10761
851	85	54.91806342	133.2529807	0.10812
852	85.1	54.91806342	133.1518097	0.10863
853	85.2	54.91806342	133.1518097	0.10914
854	85.3	55.0168875	132.9494995	0.10914
855	85.4	54.91806342	133.2529807	0.11016
856	85.5	54.91806342	132.9494995	0.11169
857	85.6	54.81923469	132.8483602	0.11169
858	85.7	54.81923469	132.8483602	0.11118
859	85.8	54.91806342	133.1518097	0.11067
860	85.9	54.91806342	132.7472314	0.11067
861	86	54.91806342	132.8483602	0.11067
862	86.1	55.0168875	132.8483602	0.11118
863	86.2	54.91806342	132.8483602	0.11118
864	86.3	54.91806342	132.8483602	0.11169
865	86.4	54.91806342	132.9494995	0.11169
866	86.5	54.91806342	132.7472314	0.11118
867	86.6	54.91806342	132.7472314	0.11118
868	86.7	55.0168875	132.7472314	0.11118
869	86.8	55.0168875	132.6461132	0.11169
870	86.9	54.91806342	132.7472314	0.11067
871	87	54.91806342	132.5450054	0.11016
872	87.1	54.81923469	132.5450054	0.11118
873	87.2	55.0168875	132.6461132	0.1122
874	87.3	54.91806342	132.7472314	0.1122
875	87.4	55.0168875	132.7472314	0.11118
876	87.5	54.81923469	132.8483602	0.11169
877	87.6	54.91806342	132.9494995	0.11169
878	87.7	55.0168875	133.2529807	0.11169
879	87.8	55.0168875	133.1518097	0.11169
880	87.9	55.0168875	133.1518097	0.11067
881	88	54.81923469	133.2529807	0.1122
882	88.1	55.0168875	133.2529807	0.11322
883	88.2	54.91806342	133.1518097	0.11271
884	88.3	54.91806342	133.2529807	0.11322
885	88.4	55.0168875	133.1518097	0.11373
886	88.5	54.81923469	133.1518097	0.11322
887	88.6	54.91806342	133.0686717	0.11475
888	88.7	54.91806342	133.2710068	0.11577
889	88.8	54.91806342	132.96752	0.11526
890	88.9	54.91806342	133.169834	0.11475
891	89	54.91806342	133.2710068	0.11475
892	89.1	54.81923469	133.2710068	0.11373
893	89.2	54.81923469	133.2710068	0.11373
894	89.3	55.0168875	133.3721903	0.11373
895	89.4	55.0168875	133.3721903	0.11475
896	89.5	55.0168875	133.3721903	0.11526
897	89.6	55.0168875	133.4553544	0.11577
898	89.7	54.91806342	133.4553544	0.11628
899	89.8	54.91806342	133.3541623	0.11628
900	89.9	54.91806342	133.2529807	0.11628
901	90	54.91806342	133.2529807	0.11577
902	90.1	54.91806342	133.1518097	0.11628
903	90.2	55.0168875	133.5565573	0.11628
904	90.3	54.91806342	133.1518097	0.11526
905	90.4	54.91806342	133.1518097	0.11424
906	90.5	54.91806342	133.1518097	0.11424
907	90.6	54.91806342	133.1518097	0.11475
908	90.7	54.81923469	132.8663788	0.11577
909	90.8	55.0168875	132.96752	0.11526
910	90.9	54.91806342	132.96752	0.11424
911	91	54.91806342	133.5745891	0.11322
912	91.1	54.91806342	133.2710068	0.11322
913	91.2	54.91806342	133.3721903	0.11271
914	91.3	54.91806342	133.169834	0.1122
915	91.4	55.0168875	133.2710068	0.1122
916	91.5	54.91806342	133.169834	0.11118
917	91.6	54.91806342	132.96752	0.11016
918	91.7	55.0168875	132.96752	0.10965
919	91.8	55.11570694	133.2529807	0.11067
920	91.9	54.91806342	133.2529807	0.11118
921	92	55.0168875	133.4553544	0.11169
922	92.1	54.91806342	132.9494995	0.11322
923	92.2	54.91806342	132.8483602	0.11118
924	92.3	55.07006715	132.9494995	0.11118
925	92.4	54.97124557	132.8483602	0.11169
926	92.5	54.97124557	133.0506493	0.11373
927	92.6	54.97124557	132.8483602	0.11322
928	92.7	55.07006715	132.9494995	0.1122
929	92.8	54.97124557	132.9494995	0.11169
930	92.9	54.97124557	133.0506493	0.1122
931	93	54.97124557	133.0506493	0.11322
932	93.1	54.97124557	133.1518097	0.11424
933	93.2	54.97124557	133.1518097	0.11475
934	93.3	54.97124557	133.1518097	0.11526
935	93.4	55.0168875	133.0506493	0.11475
936	93.5	55.0168875	133.2529807	0.11373
937	93.6	54.91806342	133.3541623	0.11373
938	93.7	55.0168875	133.2529807	0.11424
939	93.8	54.91806342	133.2529807	0.11322
940	93.9	54.91806342	133.2529807	0.11322
941	94	54.91806342	133.1518097	0.11322
942	94.1	54.91806342	133.3541623	0.11424
943	94.2	55.0168875	133.2529807	0.11271
944	94.3	55.0168875	133.3541623	0.11271
945	94.4	55.0168875	133.2529807	0.11373
946	94.5	54.91806342	133.1518097	0.11322
947	94.6	55.0168875	133.1518097	0.11271
948	94.7	55.0168875	133.2529807	0.11322
949	94.8	55.0168875	133.2529807	0.11322
950	94.9	54.91806342	133.2529807	0.11322
951	95	54.91806342	133.2529807	0.11271
952	95.1	54.91806342	133.1518097	0.1122
953	95.2	54.81923469	133.2529807	0.11271
954	95.3	54.91806342	133.2529807	0.11373
955	95.4	54.91806342	133.1518097	0.11322
956	95.5	55.0168875	133.1518097	0.11373
957	95.6	54.91806342	133.2529807	0.1122
958	95.7	54.91806342	133.1518097	0.11271
959	95.8	54.91806342	133.9614753	0.11373
960	95.9	54.91806342	133.5565573	0.11475
961	96	55.0168875	133.5565573	0.11373
962	96.1	54.91806342	133.1518097	0.11322
963	96.2	54.91806342	133.6577707	0.11424
964	96.3	54.91806342	133.2529807	0.11373
965	96.4	55.0168875	133.1518097	0.11424
966	96.5	55.0168875	133.1518097	0.11475
967	96.6	54.91806342	133.1518097	0.11475
968	96.7	55.0168875	133.1518097	0.11475
969	96.8	55.0168875	133.1518097	0.11475
970	96.9	55.0168875	133.0506493	0.11628
971	97	54.91806342	133.0506493	0.11628
972	97.1	54.91806342	133.0506493	0.11526
973	97.2	54.91806342	133.2529807	0.11424
974	97.3	54.91806342	132.8483602	0.11526
975	97.4	54.81923469	133.1518097	0.11475
976	97.5	54.91806342	132.9494995	0.11577
977	97.6	54.91806342	132.9494995	0.11526
978	97.7	54.91806342	132.8483602	0.11628
979	97.8	54.91806342	132.8483602	0.1173
980	97.9	54.91806342	132.9494995	0.11577
981	98	54.91806342	132.9494995	0.1173
982	98.1	55.0168875	133.0506493	0.1173
983	98.2	55.0168875	133.0506493	0.11628
984	98.3	54.81923469	132.8483602	0.11679
985	98.4	55.0168875	132.8483602	0.11781
986	98.5	54.81923469	132.8483602	0.11781
987	98.6	54.91806342	132.7472314	0.11679
988	98.7	54.91806342	132.8483602	0.11832
989	98.8	54.91806342	132.8483602	0.11781
990	98.9	54.91806342	133.0506493	0.11934
991	99	54.81923469	132.8483602	0.12087
992	99.1	54.91806342	133.1518097	0.12036
993	99.2	55.0168875	133.1518097	0.11883
994	99.3	55.0168875	133.1518097	0.11883
995	99.4	55.0168875	133.0506493	0.1173
996	99.5	54.91806342	132.9494995	0.11832
997	99.6	54.91806342	133.1518097	0.11781
998	99.7	54.91806342	133.0506493	0.11832
999	99.8	54.91806342	133.0506493	0.11934
1000	99.9	54.91806342	133.0506493	0.11934
1001	100	54.91806342	133.0506493	0.12036
1002	100.1	54.91806342	133.1518097	0.11985
1003	100.2	54.91806342	133.1518097	0.12087
1004	100.3	54.91806342	133.3541623	0.12087
1005	100.4	54.81923469	133.3541623	0.12036
1006	100.5	54.81923469	133.2529807	0.12189
1007	100.6	54.91806342	133.2529807	0.1224
1008	100.7	54.91806342	133.0506493	0.12036
1009	100.8	55.0168875	133.3541623	0.11934
1010	100.9	55.0168875	133.1518097	0.11883
1011	101	54.81923469	133.9614753	0.11883
1012	101.1	55.0168875	133.2529807	0.11985
1013	101.2	54.91806342	133.2529807	0.11985
1014	101.3	54.91806342	132.9494995	0.12036
1015	101.4	55.0168875	133.6577707	0.11934
1016	101.5	55.0168875	133.6577707	0.11985
1017	101.6	54.91806342	133.1518097	0.12036
1018	101.7	54.91806342	133.0506493	0.12036
1019	101.8	55.0168875	133.0506493	0.11883
1020	101.9	55.0168875	132.9494995	0.11883
1021	102	55.0168875	132.9494995	0.11985
1022	102.1	54.91806342	133.1518097	0.12087
1023	102.2	54.81923469	132.9494995	0.12189
1024	102.3	54.91806342	132.9494995	0.12189
1025	102.4	54.91806342	132.7472314	0.12138
1026	102.5	54.91806342	132.7472314	0.1224
1027	102.6	54.81923469	132.443908	0.12138
1028	102.7	54.91806342	132.6461132	0.1224
1029	102.8	54.91806342	132.5450054	0.12138
1030	102.9	55.0168875	132.5450054	0.12138
1031	103	55.0168875	132.6461132	0.12189
1032	103.1	54.87241935	132.443908	0.12036
1033	103.2	54.97124557	132.443908	0.11985
1034	103.3	54.97124557	132.5450054	0.11934
1035	103.4	54.97124557	132.5450054	0.12036
1036	103.5	55.07006715	132.5450054	0.12036
1037	103.6	54.87241935	132.5450054	0.12087
1038	103.7	54.97124557	132.443908	0.1224
1039	103.8	54.97124557	132.5450054	0.1224
1040	103.9	54.97124557	132.6461132	0.12138
1041	104	54.97124557	132.6461132	0.12087
1042	104.1	54.97124557	132.6461132	0.12087
1043	104.2	55.07006715	132.5450054	0.12138
1044	104.3	55.07006715	132.6461132	0.12036
1045	104.4	55.07006715	132.5450054	0.12138
1046	104.5	54.87241935	132.6461132	0.12138
1047	104.6	55.07006715	132.6461132	0.12138
1048	104.7	54.87241935	132.6461132	0.12138
1049	104.8	54.97124557	132.6461132	0.12138
1050	104.9	54.97124557	132.6461132	0.12138
1051	105	55.07006715	132.6461132	0.1224
1052	105.1	54.97124557	132.6461132	0.12138
1053	105.2	54.97124557	132.7472314	0.12036
1054	105.3	54.81923469	132.7472314	0.12036
1055	105.4	55.0168875	132.8483602	0.12036
1056	105.5	55.0168875	132.8483602	0.12036
1057	105.6	54.91806342	132.6461132	0.11985
1058	105.7	54.91806342	132.6461132	0.11934
1059	105.8	55.0168875	132.6461132	0.11985
1060	105.9	55.0168875	132.664128	0.12087
1061	106	55.0168875	132.7652482	0.12138
1062	106.1	54.91806342	132.4619192	0.12087
1063	106.2	54.91806342	133.3721903	0.11934
1064	106.3	54.91806342	132.8663788	0.12036
1065	106.4	54.91806342	132.96752	0.11985
1066	106.5	54.91806342	132.7652482	0.11985
1067	106.6	54.91806342	133.5745891	0.12036
1068	106.7	54.91806342	133.169834	0.11883
1069	106.8	55.0168875	133.2710068	0.1173
1070	106.9	54.91806342	133.2710068	0.11679
1071	107	54.81923469	133.3721903	0.11679
1072	107.1	54.91806342	133.3721903	0.1173
1073	107.2	54.81923469	133.3721903	0.11577
1074	107.3	54.91806342	133.4733843	0.11475
1075	107.4	54.91806342	133.5745891	0.11577
1076	107.5	54.91806342	133.5745891	0.11832
1077	107.6	54.91806342	133.7770305	0.11934
1078	107.7	54.91806342	133.5745891	0.11934
1079	107.8	54.81923469	133.4733843	0.11985
1080	107.9	54.91806342	133.2710068	0.11985
1081	108	54.91806342	133.2710068	0.12036
1082	108.1	54.91806342	133.2529807	0.12036
1083	108.2	54.81923469	133.3541623	0.12087
1084	108.3	54.91806342	133.2529807	0.11934
1085	108.4	54.91806342	133.2529807	0.11985
1086	108.5	54.91806342	133.3541623	0.11934
1087	108.6	55.0168875	133.3541623	0.11934
1088	108.7	55.0168875	133.2529807	0.11832
1089	108.8	54.91806342	133.3541623	0.11985
1090	108.9	54.81923469	133.2529807	0.12036
1091	109	54.81923469	133.3541623	0.11985
1092	109.1	54.91806342	133.3541623	0.11934
1093	109.2	54.91806342	133.169834	0.11934
1094	109.3	54.81923469	133.169834	0.11985
1095	109.4	54.91806342	133.2710068	0.11883
1096	109.5	54.81923469	133.2710068	0.11781
1097	109.6	54.81923469	133.2710068	0.11883
1098	109.7	54.91806342	133.169834	0.11883
1099	109.8	54.81923469	133.0686717	0.11985
1100	109.9	54.91806342	133.0686717	0.11832
1101	110	54.81923469	133.0686717	0.1173
1102	110.1	54.91806342	132.96752	0.11679
1103	110.2	54.81923469	132.96752	0.1173
1104	110.3	55.0168875	133.1518097	0.1173
1105	110.4	54.91806342	133.1518097	0.11781
1106	110.5	54.81923469	133.1518097	0.11832
1107	110.6	54.81923469	133.1518097	0.11985
1108	110.7	54.81923469	132.9494995	0.12087
1109	110.8	54.91806342	133.1518097	0.11985
1110	110.9	54.91806342	133.0506493	0.11985
1111	111	54.81923469	133.0506493	0.11883
1112	111.1	54.91806342	132.9494995	0.11832
1113	111.2	54.81923469	133.0506493	0.11883
1114	111.3	54.81923469	133.0506493	0.11781
1115	111.4	54.91806342	133.6577707	0.11781
1116	111.5	55.0168875	133.0506493	0.11781
1117	111.6	54.91806342	132.9494995	0.11781
1118	111.7	55.0168875	132.7472314	0.11934
1119	111.8	55.0168875	133.4553544	0.11883
1120	111.9	54.81923469	133.0506493	0.11934
1121	112	54.81923469	133.0506493	0.11934
1122	112.1	54.91806342	133.0506493	0.11781
1123	112.2	54.91806342	133.1518097	0.11781
1124	112.3	54.91806342	133.2529807	0.11679
1125	112.4	54.91806342	133.2529807	0.11679
1126	112.5	54.81923469	133.0506493	0.1173
1127	112.6	54.91806342	133.0506493	0.11832
1128	112.7	54.81923469	133.0506493	0.11883
1129	112.8	55.0168875	133.3541623	0.11883
1130	112.9	55.0168875	133.0506493	0.12036
1131	113	54.97124557	133.2529807	0.12087
1132	113.1	54.87241935	133.3541623	0.11883
1133	113.2	54.87241935	132.9494995	0.1173
1134	113.3	54.97124557	133.1518097	0.11628
1135	113.4	54.87241935	133.1518097	0.11832
1136	113.5	54.87241935	133.1518097	0.11883
1137	113.6	54.87241935	133.1518097	0.11832
1138	113.7	54.87241935	133.0506493	0.11832
1139	113.8	54.97124557	132.9494995	0.11934
1140	113.9	54.97124557	133.1518097	0.12087
1141	114	54.81923469	133.0506493	0.12036
1142	114.1	54.81923469	133.0506493	0.11985
1143	114.2	54.91806342	133.0506493	0.11934
1144	114.3	54.91806342	133.2529807	0.11832
1145	114.4	54.91806342	133.1518097	0.11985
1146	114.5	54.91806342	133.1518097	0.11934
1147	114.6	54.91806342	133.0506493	0.11934
1148	114.7	54.91806342	132.9494995	0.11985
1149	114.8	54.81923469	133.0506493	0.11985
1150	114.9	54.81923469	132.8483602	0.11883
1151	115	54.81923469	133.0506493	0.11883
1152	115.1	54.81923469	132.9494995	0.11832
1153	115.2	54.81923469	132.8483602	0.11832
1154	115.3	54.91806342	133.2529807	0.11934
1155	115.4	54.91806342	132.8483602	0.11883
1156	115.5	54.81923469	132.8483602	0.11883
1157	115.6	54.91806342	132.8483602	0.11883
1158	115.7	54.81923469	132.443908	0.11934
1159	115.8	54.81923469	132.7472314	0.11934
1160	115.9	54.91806342	132.8483602	0.1173
1161	116	54.91806342	132.8483602	0.11781
1162	116.1	54.91806342	132.8483602	0.11832
1163	116.2	54.87241935	132.8483602	0.11883
1164	116.3	54.87241935	132.7472314	0.11883
1165	116.4	54.97124557	132.7472314	0.11832
1166	116.5	54.97124557	132.443908	0.11781
1167	116.6	54.97124557	133.2529807	0.11832
1168	116.7	54.87241935	133.2529807	0.1173
1169	116.8	54.77358846	132.7472314	0.11883
1170	116.9	54.87241935	132.3428211	0.11934
1171	117	54.87241935	133.1518097	0.11934
1172	117.1	54.87241935	132.7472314	0.11883
1173	117.2	54.87241935	132.7472314	0.11883
1174	117.3	54.87241935	132.7472314	0.11832
1175	117.4	54.87241935	132.8483602	0.11832
1176	117.5	54.87241935	132.8483602	0.11883
1177	117.6	54.87241935	132.6461132	0.11781
1178	117.7	54.87241935	132.8483602	0.11628
1179	117.8	54.97124557	132.8483602	0.11628
1180	117.9	54.87241935	132.7472314	0.11883
1181	118	54.87241935	132.7472314	0.11934
1182	118.1	54.87241935	132.7472314	0.11883
1183	118.2	54.87241935	132.3428211	0.12036
1184	118.3	54.81923469	132.2417447	0.12036
1185	118.4	54.91806342	132.443908	0.12087
1186	118.5	54.91806342	132.443908	0.11934
1187	118.6	54.72040128	132.443908	0.11934
1188	118.7	54.91806342	132.6461132	0.12036
1189	118.8	54.72040128	132.5450054	0.11985
1190	118.9	54.81923469	132.5450054	0.11985
1191	119	54.81923469	132.7472314	0.11985
1192	119.1	54.81923469	132.7472314	0.11985
1193	119.2	54.81923469	132.7472314	0.11883
1194	119.3	54.81923469	132.7472314	0.11985
1195	119.4	54.81923469	132.7472314	0.11832
1196	119.5	54.81923469	132.6461132	0.11781
1197	119.6	54.81923469	132.5450054	0.11832
1198	119.7	54.91806342	132.443908	0.11883
1199	119.8	54.81923469	132.6461132	0.11985
1200	119.9	54.81923469	132.5450054	0.12036
1201	120	54.81923469	132.5450054	0.11934
1202	120.1	54.81923469	132.5450054	0.11934
1203	120.2	54.81923469	132.5450054	0.11985
1204	120.3	54.81923469	132.5450054	0.11934
1205	120.4	54.81923469	132.5450054	0.11832
1206	120.5	54.87241935	132.5450054	0.11781
1207	120.6	54.87241935	132.443908	0.11832
1208	120.7	54.87241935	132.443908	0.11934
1209	120.8	54.87241935	132.2417447	0.11934
1210	120.9	54.97124557	132.443908	0.11832
1211	121	54.87241935	132.443908	0.11883
1212	121.1	54.87241935	132.5450054	0.12036
1213	121.2	54.87241935	132.5450054	0.12036
1214	121.3	54.77358846	132.7472314	0.12036
1215	121.4	54.87241935	132.8483602	0.11985
1216	121.5	54.87241935	132.7472314	0.12087
1217	121.6	54.87241935	132.7472314	0.1224
1218	121.7	54.77358846	132.6461132	0.11985
1219	121.8	54.87241935	133.1518097	0.11832
1220	121.9	54.97124557	132.6461132	0.11832
1221	122	54.77358846	132.6461132	0.11985
1222	122.1	54.97124557	132.6461132	0.11985
1223	122.2	54.97124557	133.2529807	0.12036
1224	122.3	54.87241935	132.8483602	0.12036
1225	122.4	54.87241935	132.7472314	0.11934
1226	122.5	54.87241935	132.8483602	0.11883
1227	122.6	54.87241935	132.7472314	0.11883
1228	122.7	54.87241935	132.8483602	0.11934
1229	122.8	54.87241935	132.8483602	0.11832
1230	122.9	54.77358846	132.8483602	0.11832
1231	123	54.87241935	132.8483602	0.11832
1232	123.1	54.77358846	132.9494995	0.11832
1233	123.2	54.87241935	132.9494995	0.11832
1234	123.3	54.87241935	132.664128	0.11934
1235	123.4	54.97124557	132.5630184	0.11985
1236	123.5	54.87241935	132.5630184	0.11985
1237	123.6	54.87241935	132.4619192	0.12036
1238	123.7	54.81923469	132.664128	0.11985
1239	123.8	54.72040128	132.4619192	0.11883
1240	123.9	54.81923469	132.4619192	0.11781
1241	124	54.72040128	132.4619192	0.11832
1242	124.1	54.81923469	132.4619192	0.11934
1243	124.2	54.81923469	132.4619192	0.12036
1244	124.3	54.81923469	132.7472314	0.12036
1245	124.4	54.81923469	132.7472314	0.12189
1246	124.5	54.72040128	132.7472314	0.12087
1247	124.6	54.81923469	132.7472314	0.12036
1248	124.7	54.81923469	132.6461132	0.12036
1249	124.8	54.81923469	132.5450054	0.12087
1250	124.9	54.81923469	132.5450054	0.11934
1251	125	54.81923469	132.3428211	0.11985
1252	125.1	54.81923469	132.443908	0.11985
1253	125.2	54.72040128	132.2417447	0.12036
1254	125.3	54.81923469	132.2417447	0.11883
1255	125.4	54.81923469	132.3428211	0.11934
1256	125.5	54.91806342	132.5450054	0.12036
1257	125.6	54.81923469	132.5450054	0.12138
1258	125.7	54.81923469	132.443908	0.12036
1259	125.8	54.81923469	132.443908	0.11883
1260	125.9	54.87241935	132.443908	0.11832
1261	126	54.77358846	132.5450054	0.11832
1262	126.1	54.87241935	132.443908	0.11934
1263	126.2	54.77358846	132.443908	0.11883
1264	126.3	54.87241935	132.443908	0.11781
1265	126.4	54.77358846	132.443908	0.11781
1266	126.5	54.87241935	132.3428211	0.11985
1267	126.6	54.87241935	132.3428211	0.12087
1268	126.7	54.77358846	132.2417447	0.12189
1269	126.8	54.77358846	132.1406786	0.12291
1270	126.9	54.77358846	132.039623	0.12495
1271	127	54.87241935	132.5450054	0.12393
1272	127.1	54.87241935	132.1406786	0.12393
1273	127.2	54.87241935	132.039623	0.12342
1274	127.3	54.87241935	132.1406786	0.12291
1275	127.4	54.87241935	132.3428211	0.12189
1276	127.5	54.87241935	132.3428211	0.12087
1277	127.6	54.87241935	131.736518	0.12291
1278	127.7	54.87241935	131.8375427	0.1224
1279	127.8	54.97124557	131.8375427	0.1224
1280	127.9	54.77358846	131.736518	0.12138
1281	128	54.77358846	131.6355037	0.12138
1282	128.1	54.87241935	131.6355037	0.12087
1283	128.2	54.77358846	131.6355037	0.12189
1284	128.3	54.87241935	131.6355037	0.1224
1285	128.4	54.87241935	131.6355037	0.12189
1286	128.5	54.87241935	131.6355037	0.12087
1287	128.6	54.87241935	131.6355037	0.12036
1288	128.7	54.87241935	131.736518	0.12138
1289	128.8	54.77358846	131.736518	0.1224
1290	128.9	54.87241935	131.736518	0.12189
1291	129	54.77358846	131.8375427	0.12291
1292	129.1	54.77358846	131.9385776	0.12291
1293	129.2	54.72040128	131.9385776	0.12189
1294	129.3	54.72040128	131.9385776	0.12189
1295	129.4	54.72040128	132.039623	0.12444
1296	129.5	54.72040128	132.1406786	0.12597
1297	129.6	54.91806342	132.1406786	0.12393
1298	129.7	54.81923469	132.1406786	0.12189
1299	129.8	54.72040128	132.1406786	0.12087
1300	129.9	54.81923469	132.039623	0.12138
1301	130	54.91806342	132.1406786	0.12036
1302	130.1	54.91806342	132.2417447	0.12036
1303	130.2	54.87241935	132.2417447	0.12189
1304	130.3	54.87241935	132.2417447	0.12189
1305	130.4	54.77358846	132.2417447	0.12087
1306	130.5	54.87241935	132.2417447	0.12189
1307	130.6	54.87241935	132.3428211	0.12189
1308	130.7	54.77358846	132.3428211	0.12291
1309	130.8	54.87241935	132.2417447	0.12393
1310	130.9	54.77358846	132.3428211	0.12393
1311	131	54.87241935	132.5450054	0.12189
1312	131.1	54.87241935	132.443908	0.1224
1313	131.2	54.87241935	132.443908	0.12189
1314	131.3	54.81923469	132.443908	0.12087
1315	131.4	54.91806342	132.443908	0.12087
1316	131.5	54.72040128	132.443908	0.12138
1317	131.6	54.72040128	132.3428211	0.1224
1318	131.7	54.72040128	132.3428211	0.12189
1319	131.8	54.72040128	132.3428211	0.12036
1320	131.9	54.72040128	132.0576267	0.12087
1321	132	54.62156317	132.1586842	0.12087
1322	132.1	54.72040128	132.0576267	0.12036
1323	132.2	54.81923469	132.1586842	0.12036
1324	132.3	54.81923469	132.0576267	0.12087
1325	132.4	54.81923469	132.0576267	0.12087
1326	132.5	54.72040128	132.4619192	0.12036
1327	132.6	54.72040128	132.2597521	0.11934
1328	132.7	54.62156317	132.3608304	0.11934
1329	132.8	54.81923469	132.3608304	0.12036
1330	132.9	54.72040128	132.3608304	0.11985
1331	133	54.72040128	132.2597521	0.11985
1332	133.1	54.72040128	132.2597521	0.11934
1333	133.2	54.72040128	132.2597521	0.12087
1334	133.3	54.81923469	132.1586842	0.1224
1335	133.4	54.81923469	132.1586842	0.12138
1336	133.5	54.87241935	132.2597521	0.1224
1337	133.6	54.87241935	132.1586842	0.12189
1338	133.7	54.87241935	132.2597521	0.11883
1339	133.8	54.87241935	132.0576267	0.11934
1340	133.9	54.77358846	131.9565795	0.12087
1341	134	54.87241935	131.9565795	0.11985
1342	134.1	54.77358846	132.3428211	0.11985
1343	134.2	54.77358846	132.2417447	0.11985
1344	134.3	54.87241935	132.2417447	0.11934
1345	134.4	54.77358846	132.3428211	0.11781
1346	134.5	54.77358846	132.2417447	0.11832
1347	134.6	54.77358846	132.2417447	0.11883
1348	134.7	54.87241935	132.2417447	0.11832
1349	134.801	54.87241935	132.443908	0.11781
1350	134.91	54.87241935	133.0506493	0.11781
1351	135.004	54.87241935	133.0506493	0.11781
1352	135.113	54.97124557	133.0506493	0.11679
1353	135.207	54.87241935	133.4553544	0.11781
1354	135.301	54.87241935	132.3428211	0.11832
1355	135.41	54.87241935	133.0506493	0.11577
1356	135.504	54.87241935	133.0506493	0.11628
1357	135.613	54.87241935	132.3428211	0.11577
1358	135.707	54.87241935	133.5565573	0.11577
1359	135.801	54.77358846	132.443908	0.11628
1360	135.91	54.77358846	133.1518097	0.11628
1361	136.004	54.77358846	133.2529807	0.11628
1362	136.113	54.97124557	132.3428211	0.11679
1363	136.207	54.87241935	132.3428211	0.11628
1364	136.301	54.77358846	132.3608304	0.11628
1365	136.41	54.87241935	132.96752	0.11577
1366	136.504	54.77358846	133.0686717	0.11526
1367	136.613	54.87241935	132.1586842	0.11577
1368	136.707	54.87241935	133.3721903	0.11679
1369	136.801	54.87241935	132.5630184	0.11679
1370	136.91	54.97124557	132.96752	0.11628
1371	137.004	54.77358846	133.169834	0.11628
1372	137.113	54.87241935	132.2597521	0.11679
1373	137.207	54.87241935	133.4733843	0.1173
1374	137.301	54.87241935	133.4733843	0.11781
1375	137.41	54.87241935	133.3721903	0.11679
1376	137.504	54.87241935	133.3721903	0.11679
1377	137.613	54.97124557	132.5630184	0.11679
1378	137.707	54.87241935	133.6758044	0.11781
1379	137.801	54.87241935	132.5630184	0.1173
1380	137.91	54.77358846	132.8663788	0.11781
1381	138.004	54.87241935	133.4733843	0.11781
1382	138.113	54.77358846	133.169834	0.1173
1383	138.207	54.77358846	133.4733843	0.1173
1384	138.301	54.77358846	132.5630184	0.1173
1385	138.41	54.87241935	132.5630184	0.11883
1386	138.504	54.87241935	133.7589949	0.11883
1387	138.613	54.87241935	132.7472314	0.11781
1388	138.707	54.97124557	133.7589949	0.11781
1389	138.801	54.87241935	132.7472314	0.11985
1390	138.91	54.87241935	133.1518097	0.11934
1391	139.004	54.97124557	133.3541623	0.11883
1392	139.113	54.87241935	132.443908	0.12036
1393	139.207	54.97124557	133.7589949	0.12087
1394	139.301	54.77358846	132.8483602	0.12138
1395	139.41	54.87241935	133.2529807	0.12189
1396	139.504	54.87241935	133.2529807	0.11934
1397	139.613	54.77358846	132.4619192	0.11934
1398	139.707	54.87241935	133.6758044	0.12036
1399	139.801	54.87241935	132.7652482	0.12036
1400	139.91	54.87241935	133.169834	0.12036
1401	140.004	54.87241935	133.2710068	0.12036
1402	140.113	54.97124557	132.2597521	0.12087
1403	140.207	54.87241935	133.3721903	0.11934
1404	140.301	54.77358846	132.3608304	0.11934
1405	140.41	54.87241935	133.0686717	0.11934
1406	140.504	54.77358846	132.96752	0.11883
1407	140.613	54.97124557	132.96752	0.12036
1408	140.707	54.87241935	133.169834	0.12138
1409	140.8	54.87241935	132.4619192	0.12189
1410	140.91	54.87241935	132.7652482	0.12036
1411	141.004	54.87241935	132.8663788	0.11883
